[
    {
      "id": 1,
      "title": "accusamus beatae ad facilis cum similique qui sunt"
    },
    {
      "id": 2,
      "title": "reprehenderit est deserunt velit ipsam"
    },
    {
      "id": 3,
      "title": "officia porro iure quia iusto qui ipsa ut modi"
    },
    {
      "id": 4,
      "title": "culpa odio esse rerum omnis laboriosam voluptate repudiandae"
    },
    {
      "id": 5,
      "title": "natus nisi omnis corporis facere molestiae rerum in"
    },
    {
      "id": 6,
      "title": "accusamus ea aliquid et amet sequi nemo"
    },
    {
      "id": 7,
      "title": "officia delectus consequatur vero aut veniam explicabo molestias"
    },
    {
      "id": 8,
      "title": "aut porro officiis laborum odit ea laudantium corporis"
    },
    {
      "id": 9,
      "title": "qui eius qui autem sed"
    }
  ]